true_label,true_label_name,predicted_label,predicted_label_name,confidence,entropy,variance,mutual_information,correct
0,Sigma24,5,Sigma70,0.67640054,1.0722774,0.00763102,0.13326001,False
0,Sigma24,0,Sigma24,0.81938815,0.65104187,0.0049135643,0.08676046,True
0,Sigma24,2,Sigma32,0.64664906,0.95169806,0.013279582,0.16164738,False
0,Sigma24,5,Sigma70,0.82474536,0.644716,0.009693126,0.15188661,False
0,Sigma24,5,Sigma70,0.6190287,1.1861391,0.012590115,0.19541073,False
0,Sigma24,5,Sigma70,0.76091343,0.64144933,0.014164197,0.14271647,False
0,Sigma24,5,Sigma70,0.7537432,0.666267,0.0110478,0.121261835,False
0,Sigma24,5,Sigma70,0.68697494,0.9262266,0.014965995,0.20219046,False
0,Sigma24,5,Sigma70,0.60419196,1.0616713,0.012038451,0.16203654,False
0,Sigma24,5,Sigma70,0.8974968,0.44338354,0.002810683,0.07678124,False
0,Sigma24,0,Sigma24,0.56491125,0.85597754,0.01934155,0.16437739,True
0,Sigma24,5,Sigma70,0.4647756,1.0412791,0.01640101,0.17058486,False
0,Sigma24,5,Sigma70,0.7068283,0.65329754,0.015841505,0.12840933,False
0,Sigma24,5,Sigma70,0.9122191,0.3965202,0.0021899354,0.07412118,False
0,Sigma24,5,Sigma70,0.656769,1.0017546,0.011125299,0.16472888,False
0,Sigma24,5,Sigma70,0.5938954,0.8848572,0.018463612,0.17395109,False
0,Sigma24,5,Sigma70,0.6922729,0.91269976,0.0089458,0.13247299,False
0,Sigma24,0,Sigma24,0.6876175,0.8464565,0.008991946,0.10260391,True
0,Sigma24,5,Sigma70,0.5697445,0.97258306,0.01658292,0.16972548,False
0,Sigma24,5,Sigma70,0.5650023,1.1005508,0.020896276,0.22964948,False
0,Sigma24,5,Sigma70,0.7507854,0.74432,0.011868122,0.14728165,False
0,Sigma24,0,Sigma24,0.5433075,0.88405347,0.022315117,0.1876952,True
0,Sigma24,5,Sigma70,0.5631729,0.8948767,0.017868254,0.154077,False
0,Sigma24,5,Sigma70,0.7634832,0.7466656,0.00810317,0.112769485,False
0,Sigma24,5,Sigma70,0.6118123,1.2454761,0.011388537,0.20463705,False
0,Sigma24,0,Sigma24,0.6728287,0.78510475,0.015890181,0.14765924,True
0,Sigma24,5,Sigma70,0.77953213,0.73358816,0.011266738,0.1614539,False
0,Sigma24,0,Sigma24,0.93956894,0.29384193,0.0007734236,0.03825742,True
0,Sigma24,0,Sigma24,0.46609265,1.3315558,0.018565197,0.24139035,True
0,Sigma24,5,Sigma70,0.8699861,0.4673427,0.004086896,0.087133676,False
0,Sigma24,0,Sigma24,0.6472048,1.0884781,0.015319503,0.21338016,True
0,Sigma24,5,Sigma70,0.91336864,0.40176928,0.0015453493,0.054394513,False
0,Sigma24,0,Sigma24,0.81809425,0.7261654,0.007846654,0.15133244,True
0,Sigma24,0,Sigma24,0.498767,1.2842216,0.028029954,0.31925005,True
0,Sigma24,0,Sigma24,0.45726696,1.2600605,0.012180501,0.17439568,True
0,Sigma24,5,Sigma70,0.7484948,0.85776085,0.005608111,0.12472683,False
0,Sigma24,5,Sigma70,0.6345091,1.0567279,0.013315715,0.20791584,False
0,Sigma24,5,Sigma70,0.88820463,0.48155707,0.0028952516,0.07644394,False
0,Sigma24,5,Sigma70,0.76306033,0.82636404,0.008997821,0.14952987,False
0,Sigma24,5,Sigma70,0.66521615,0.9430592,0.01416938,0.16398335,False
0,Sigma24,5,Sigma70,0.7842463,0.692467,0.008147807,0.11940622,False
0,Sigma24,5,Sigma70,0.8511383,0.57194173,0.004548625,0.104367346,False
0,Sigma24,5,Sigma70,0.91030383,0.4024241,0.0014402961,0.05453658,False
0,Sigma24,0,Sigma24,0.5227168,1.233237,0.020422181,0.25119674,True
0,Sigma24,0,Sigma24,0.9044907,0.38514823,0.0023979046,0.061085463,True
0,Sigma24,5,Sigma70,0.8473607,0.6409664,0.0031022688,0.09923935,False
0,Sigma24,0,Sigma24,0.5551782,0.9685004,0.017787319,0.1646164,True
0,Sigma24,0,Sigma24,0.55184555,1.1142682,0.017488727,0.20551902,True
0,Sigma24,0,Sigma24,0.7330996,0.9470136,0.0114479745,0.20017332,True
0,Sigma24,5,Sigma70,0.5108753,1.1765784,0.022121044,0.2696998,False
0,Sigma24,5,Sigma70,0.8073979,0.75949764,0.0077000298,0.15514445,False
0,Sigma24,5,Sigma70,0.7899362,0.73214453,0.013211668,0.17804104,False
0,Sigma24,5,Sigma70,0.5320698,1.2071865,0.017130695,0.209055,False
0,Sigma24,5,Sigma70,0.6085533,0.96370244,0.011574457,0.13138199,False
0,Sigma24,0,Sigma24,0.8715691,0.46763542,0.00525148,0.080546945,True
0,Sigma24,5,Sigma70,0.51294506,1.0789813,0.016329095,0.1751647,False
0,Sigma24,5,Sigma70,0.6899528,0.87372595,0.00983461,0.12909704,False
0,Sigma24,5,Sigma70,0.95191664,0.24228491,0.00069091393,0.034020543,False
0,Sigma24,5,Sigma70,0.9139419,0.36522108,0.0035331899,0.071489304,False
0,Sigma24,5,Sigma70,0.5345013,0.7722671,0.020764805,0.150549,False
0,Sigma24,5,Sigma70,0.58251035,1.2266306,0.012983968,0.24478394,False
0,Sigma24,5,Sigma70,0.7515841,0.6850266,0.011193571,0.11280227,False
0,Sigma24,5,Sigma70,0.780644,0.7507509,0.009623037,0.15821368,False
0,Sigma24,5,Sigma70,0.74881625,0.8534543,0.007455977,0.13984251,False
0,Sigma24,0,Sigma24,0.751501,0.76299435,0.010586207,0.1323334,True
0,Sigma24,0,Sigma24,0.63242596,1.1109785,0.013568754,0.18391901,True
0,Sigma24,5,Sigma70,0.45230696,1.2610548,0.013004047,0.16563928,False
0,Sigma24,5,Sigma70,0.6831592,0.7194705,0.013749327,0.12409979,False
0,Sigma24,0,Sigma24,0.7238888,0.8581741,0.0116223125,0.16995394,True
0,Sigma24,5,Sigma70,0.49928698,1.3691268,0.024372036,0.33147323,False
0,Sigma24,0,Sigma24,0.5328483,1.0886889,0.015890172,0.18527162,True
0,Sigma24,5,Sigma70,0.41127196,1.2011315,0.025006384,0.29682684,False
0,Sigma24,5,Sigma70,0.5867922,1.0978736,0.013705638,0.17837328,False
0,Sigma24,0,Sigma24,0.47397465,0.9761367,0.01834347,0.1804384,True
0,Sigma24,0,Sigma24,0.7570495,0.76771027,0.015444778,0.18339223,True
0,Sigma24,5,Sigma70,0.8154269,0.72676486,0.0049507055,0.11119139,False
0,Sigma24,5,Sigma70,0.74345183,0.89916027,0.013660658,0.19826883,False
0,Sigma24,5,Sigma70,0.6259002,1.1211354,0.012107756,0.17589027,False
0,Sigma24,0,Sigma24,0.6308012,0.98896474,0.012070179,0.16278607,True
0,Sigma24,5,Sigma70,0.82507676,0.6537198,0.0061403303,0.117458284,False
0,Sigma24,5,Sigma70,0.8837574,0.49036485,0.0033763263,0.07583699,False
0,Sigma24,5,Sigma70,0.52489895,1.0983168,0.02285111,0.26719785,False
0,Sigma24,0,Sigma24,0.5014323,0.8668752,0.016686814,0.1418885,True
0,Sigma24,0,Sigma24,0.65031517,0.94927514,0.01632805,0.1802097,True
0,Sigma24,5,Sigma70,0.88681793,0.4906467,0.0021956144,0.08139399,False
0,Sigma24,0,Sigma24,0.85369134,0.49305582,0.004718222,0.06497139,True
0,Sigma24,5,Sigma70,0.9369593,0.29208696,0.0006951194,0.028737187,False
0,Sigma24,5,Sigma70,0.3253051,1.5969104,0.023584805,0.3386594,False
0,Sigma24,0,Sigma24,0.54466736,1.0307031,0.017218469,0.16274512,True
0,Sigma24,0,Sigma24,0.6408724,0.86777365,0.012402057,0.13407463,True
0,Sigma24,0,Sigma24,0.6399434,1.1162502,0.015695298,0.23637635,True
0,Sigma24,5,Sigma70,0.5623713,1.205492,0.021799644,0.29516816,False
0,Sigma24,2,Sigma32,0.5127869,1.2462022,0.014621037,0.1771791,False
0,Sigma24,0,Sigma24,0.61431295,0.8607309,0.019625379,0.17807364,True
0,Sigma24,0,Sigma24,0.56420416,1.0378969,0.022577949,0.24758619,True
0,Sigma24,0,Sigma24,0.47992134,1.0726928,0.017125987,0.19500351,True
0,Sigma24,5,Sigma70,0.6571618,1.0917165,0.008799628,0.15974605,False
0,Sigma24,5,Sigma70,0.88788056,0.5252491,0.0069162003,0.1593158,False
1,Sigma28,5,Sigma70,0.631016,1.0701176,0.011943343,0.17912889,False
1,Sigma28,1,Sigma28,0.60716456,1.1420089,0.0148595115,0.19260824,True
1,Sigma28,5,Sigma70,0.49816233,0.9416432,0.012534785,0.10968697,False
1,Sigma28,5,Sigma70,0.4537067,1.1524719,0.018856402,0.21939129,False
1,Sigma28,5,Sigma70,0.44600588,1.227664,0.018269546,0.22834522,False
1,Sigma28,5,Sigma70,0.6948911,1.0013146,0.012025702,0.17935532,False
1,Sigma28,5,Sigma70,0.44114205,1.3863707,0.014637869,0.22037911,False
1,Sigma28,5,Sigma70,0.86379796,0.5353706,0.006414099,0.13112056,False
1,Sigma28,1,Sigma28,0.48283815,1.3103654,0.01858526,0.22949815,True
1,Sigma28,5,Sigma70,0.68714017,1.0242003,0.014411935,0.2383995,False
1,Sigma28,5,Sigma70,0.74599534,0.73412424,0.009683494,0.11475927,False
1,Sigma28,5,Sigma70,0.4586501,1.1888682,0.009575736,0.1320597,False
1,Sigma28,0,Sigma24,0.7577277,0.89438057,0.0082241865,0.1499204,False
1,Sigma28,5,Sigma70,0.8460207,0.6142752,0.0052112434,0.12077451,False
1,Sigma28,5,Sigma70,0.5171793,1.2610686,0.024651239,0.32543105,False
1,Sigma28,5,Sigma70,0.4744669,1.4643342,0.016176028,0.25880706,False
1,Sigma28,5,Sigma70,0.92449945,0.35614428,0.0022240335,0.0727137,False
1,Sigma28,5,Sigma70,0.7504787,0.76108754,0.007400088,0.106319785,False
1,Sigma28,0,Sigma24,0.39212117,1.2385087,0.02648075,0.26352495,False
1,Sigma28,0,Sigma24,0.41561505,1.2441735,0.014425695,0.20049119,False
1,Sigma28,0,Sigma24,0.5184936,1.2312651,0.02083909,0.24889618,False
1,Sigma28,2,Sigma32,0.7195419,0.8997445,0.0072342255,0.11630303,False
1,Sigma28,2,Sigma32,0.53815734,1.1578321,0.019287378,0.23893851,False
1,Sigma28,5,Sigma70,0.43078595,1.2494824,0.017465584,0.19712973,False
1,Sigma28,1,Sigma28,0.48368958,1.147865,0.01520295,0.16216928,True
1,Sigma28,5,Sigma70,0.63579506,1.1701672,0.011008635,0.20481741,False
1,Sigma28,5,Sigma70,0.4249725,1.237694,0.017378725,0.2169249,False
1,Sigma28,1,Sigma28,0.49475175,1.0744351,0.01860674,0.17901444,True
2,Sigma32,5,Sigma70,0.52112013,1.1206826,0.014964032,0.18232518,False
2,Sigma32,5,Sigma70,0.9078174,0.41161862,0.0019665817,0.05571565,False
2,Sigma32,5,Sigma70,0.716686,0.8542186,0.019173136,0.2283048,False
2,Sigma32,5,Sigma70,0.72331023,0.7848064,0.011152882,0.1143173,False
2,Sigma32,5,Sigma70,0.65110475,1.1126864,0.0153433755,0.21701485,False
2,Sigma32,5,Sigma70,0.83654374,0.64939964,0.004111996,0.10375428,False
2,Sigma32,5,Sigma70,0.53653353,1.2885774,0.014851038,0.21392322,False
2,Sigma32,5,Sigma70,0.64202607,0.91748935,0.014483095,0.16745204,False
2,Sigma32,0,Sigma24,0.6280139,0.87979126,0.016548991,0.18037683,False
2,Sigma32,5,Sigma70,0.86483043,0.58364236,0.0026815508,0.090230465,False
2,Sigma32,4,Sigma54,0.36619568,1.4584688,0.016455857,0.2282275,False
2,Sigma32,5,Sigma70,0.57572246,1.180386,0.012248636,0.19416505,False
2,Sigma32,5,Sigma70,0.9282217,0.30705154,0.0030284834,0.060966298,False
2,Sigma32,5,Sigma70,0.551214,1.1869681,0.010826476,0.16621542,False
2,Sigma32,5,Sigma70,0.6329451,0.97510386,0.014568139,0.1693471,False
2,Sigma32,5,Sigma70,0.7126083,0.7287929,0.008232768,0.09120822,False
2,Sigma32,5,Sigma70,0.43473023,1.4251779,0.024489054,0.31810117,False
2,Sigma32,0,Sigma24,0.5006542,1.1954112,0.01868607,0.215352,False
2,Sigma32,5,Sigma70,0.60604924,1.097016,0.012140087,0.18058878,False
2,Sigma32,0,Sigma24,0.67843634,1.0814849,0.013633452,0.20704484,False
2,Sigma32,5,Sigma70,0.74757373,0.8727304,0.010046613,0.16442382,False
2,Sigma32,5,Sigma70,0.67925113,1.0063158,0.013108506,0.18925852,False
2,Sigma32,5,Sigma70,0.7500206,0.8157133,0.008436157,0.13798738,False
2,Sigma32,5,Sigma70,0.5151238,1.1676058,0.019766195,0.23116475,False
2,Sigma32,0,Sigma24,0.6694284,1.0123851,0.008366843,0.13242984,False
2,Sigma32,5,Sigma70,0.607917,1.1715941,0.014940039,0.21471763,False
2,Sigma32,5,Sigma70,0.9453555,0.25997853,0.0010627265,0.034682676,False
2,Sigma32,5,Sigma70,0.5992282,0.9593036,0.020414928,0.21136081,False
2,Sigma32,5,Sigma70,0.58157694,1.0843371,0.009206845,0.13157928,False
2,Sigma32,5,Sigma70,0.782097,0.66730595,0.010455384,0.1260125,False
2,Sigma32,5,Sigma70,0.8502646,0.6058857,0.0036613243,0.08893448,False
2,Sigma32,2,Sigma32,0.5278322,1.2066453,0.01709676,0.19174004,True
2,Sigma32,5,Sigma70,0.7599009,0.83825684,0.0063659227,0.11868793,False
2,Sigma32,5,Sigma70,0.93102086,0.34071413,0.001239749,0.056537986,False
2,Sigma32,5,Sigma70,0.5422918,1.195401,0.015331234,0.20419085,False
2,Sigma32,2,Sigma32,0.40262127,1.2692538,0.015596044,0.19434512,True
2,Sigma32,5,Sigma70,0.6946453,0.7344363,0.015311502,0.13610965,False
2,Sigma32,1,Sigma28,0.9853771,0.087382525,0.00017767807,0.01797811,False
2,Sigma32,5,Sigma70,0.88160026,0.4799207,0.0021838015,0.055830717,False
2,Sigma32,5,Sigma70,0.6154474,1.0624162,0.019285418,0.23616672,False
2,Sigma32,0,Sigma24,0.32427958,1.4243666,0.025904434,0.3141302,False
2,Sigma32,5,Sigma70,0.9377573,0.30682725,0.00137557,0.049216866,False
2,Sigma32,2,Sigma32,0.7768391,0.68387365,0.010791269,0.1201151,True
2,Sigma32,5,Sigma70,0.7534942,0.7269591,0.008981231,0.1398974,False
2,Sigma32,5,Sigma70,0.4115841,1.3545303,0.020763185,0.2502867,False
2,Sigma32,5,Sigma70,0.533106,1.3193486,0.018865533,0.25965023,False
2,Sigma32,5,Sigma70,0.7580808,0.8359356,0.0072903796,0.14904279,False
2,Sigma32,2,Sigma32,0.665635,0.86178064,0.009376476,0.11359161,True
2,Sigma32,5,Sigma70,0.7569687,0.8664826,0.009813001,0.17327148,False
2,Sigma32,0,Sigma24,0.530372,1.2191558,0.01749057,0.2326979,False
2,Sigma32,5,Sigma70,0.4330911,1.193338,0.014555097,0.1581794,False
2,Sigma32,5,Sigma70,0.87417144,0.52326643,0.0039493595,0.09249261,False
2,Sigma32,5,Sigma70,0.6316865,0.9183297,0.012871397,0.14443135,False
2,Sigma32,5,Sigma70,0.91443026,0.38751704,0.0027766807,0.06489396,False
2,Sigma32,5,Sigma70,0.5830172,1.1753271,0.014155741,0.20906067,False
2,Sigma32,0,Sigma24,0.75883317,0.6876578,0.011094536,0.1255843,False
2,Sigma32,5,Sigma70,0.8822391,0.51781285,0.0017106775,0.061621577,False
2,Sigma32,2,Sigma32,0.43937996,1.2328911,0.017888902,0.2081275,True
2,Sigma32,5,Sigma70,0.6536373,0.9555004,0.012507689,0.15130311,False
3,Sigma38,5,Sigma70,0.9430997,0.2846633,0.0012039101,0.05397284,False
3,Sigma38,5,Sigma70,0.46462858,1.0434284,0.018991701,0.18694627,False
3,Sigma38,5,Sigma70,0.71515024,0.7974983,0.014009838,0.16422081,False
3,Sigma38,5,Sigma70,0.5480481,1.0413132,0.027025824,0.27862358,False
3,Sigma38,5,Sigma70,0.81459725,0.6763094,0.0047706435,0.103613794,False
3,Sigma38,5,Sigma70,0.66360205,0.7893696,0.014601867,0.13034469,False
3,Sigma38,5,Sigma70,0.7542226,0.768824,0.006714575,0.10197711,False
3,Sigma38,5,Sigma70,0.7784572,0.6639915,0.011582818,0.13619912,False
3,Sigma38,5,Sigma70,0.8682276,0.53736955,0.0025437155,0.077717096,False
3,Sigma38,5,Sigma70,0.8778717,0.47584566,0.0046396963,0.07824546,False
3,Sigma38,5,Sigma70,0.44974855,1.3037344,0.02026569,0.262568,False
3,Sigma38,5,Sigma70,0.62782,0.9786768,0.009783912,0.124718904,False
3,Sigma38,5,Sigma70,0.95264727,0.23225671,0.0010094041,0.04194513,False
3,Sigma38,5,Sigma70,0.5425995,1.2649872,0.01306334,0.18983245,False
3,Sigma38,0,Sigma24,0.6460987,0.9266691,0.013951925,0.15212554,False
3,Sigma38,2,Sigma32,0.60989505,1.0172286,0.012952894,0.14919412,False
3,Sigma38,5,Sigma70,0.45015943,1.3130872,0.024255946,0.29322648,False
3,Sigma38,5,Sigma70,0.92236984,0.3332656,0.0011889277,0.04751143,False
3,Sigma38,5,Sigma70,0.7989117,0.6197264,0.0070988424,0.10540199,False
3,Sigma38,5,Sigma70,0.8347598,0.6996568,0.0076649687,0.1569289,False
3,Sigma38,5,Sigma70,0.82320625,0.6804286,0.008092952,0.14504743,False
3,Sigma38,5,Sigma70,0.5827983,1.1897751,0.014628317,0.2247616,False
3,Sigma38,5,Sigma70,0.91977334,0.36384228,0.0028253915,0.06936452,False
3,Sigma38,5,Sigma70,0.45747522,1.1209927,0.017315676,0.19738853,False
3,Sigma38,0,Sigma24,0.46490058,1.2898998,0.018013237,0.23902059,False
3,Sigma38,5,Sigma70,0.8170246,0.7394365,0.0055431672,0.14013654,False
3,Sigma38,5,Sigma70,0.706811,0.9547498,0.010497831,0.1655302,False
3,Sigma38,5,Sigma70,0.57537615,0.94276696,0.016232036,0.16577417,False
3,Sigma38,5,Sigma70,0.95513475,0.24692883,0.00060161744,0.03923121,False
3,Sigma38,5,Sigma70,0.7644919,0.72520286,0.0067416653,0.113193214,False
3,Sigma38,5,Sigma70,0.88171524,0.51353675,0.0049019516,0.12246984,False
3,Sigma38,5,Sigma70,0.7642391,0.75316423,0.011460246,0.1474306,False
3,Sigma38,5,Sigma70,0.9724095,0.16539834,0.00017113278,0.019915342,False
3,Sigma38,5,Sigma70,0.69904643,0.9896042,0.009454307,0.18789363,False
3,Sigma38,5,Sigma70,0.55060416,1.0483179,0.01661437,0.1815306,False
3,Sigma38,5,Sigma70,0.7235748,0.7934724,0.010532352,0.12930685,False
3,Sigma38,5,Sigma70,0.8470856,0.5794821,0.0039036404,0.07689798,False
3,Sigma38,5,Sigma70,0.754835,0.7236549,0.009840587,0.12663913,False
4,Sigma54,5,Sigma70,0.6834694,0.85570645,0.019233452,0.20823109,False
4,Sigma54,0,Sigma24,0.60921735,0.912065,0.025565056,0.23951375,False
4,Sigma54,5,Sigma70,0.85931295,0.56802547,0.004103063,0.09430015,False
4,Sigma54,2,Sigma32,0.55167687,0.7907945,0.0139499465,0.103803396,False
4,Sigma54,5,Sigma70,0.57543224,1.20643,0.019753313,0.26769805,False
4,Sigma54,5,Sigma70,0.48681375,0.9690845,0.012649279,0.13656843,False
4,Sigma54,5,Sigma70,0.5399263,1.2961076,0.015900798,0.2533493,False
4,Sigma54,5,Sigma70,0.90112084,0.46324593,0.0031702511,0.100711346,False
4,Sigma54,5,Sigma70,0.81055814,0.6679218,0.006965749,0.11192495,False
4,Sigma54,5,Sigma70,0.5767321,1.1062745,0.016613565,0.21252936,False
4,Sigma54,5,Sigma70,0.9300854,0.33116877,0.0015249052,0.054167926,False
4,Sigma54,5,Sigma70,0.46322396,1.347269,0.02008727,0.25792396,False
4,Sigma54,5,Sigma70,0.7383273,0.8872725,0.0109575065,0.18777496,False
4,Sigma54,5,Sigma70,0.42610398,1.4326563,0.024064435,0.33479714,False
4,Sigma54,5,Sigma70,0.86329484,0.5660975,0.003606797,0.0962463,False
4,Sigma54,5,Sigma70,0.65697026,1.0751684,0.015111975,0.22338879,False
4,Sigma54,5,Sigma70,0.822916,0.64298844,0.0041701715,0.0881148,False
4,Sigma54,5,Sigma70,0.43467152,1.2289094,0.023144206,0.25319463,False
4,Sigma54,2,Sigma32,0.7749172,0.73488873,0.013181195,0.16153002,False
4,Sigma54,0,Sigma24,0.41061604,1.3394356,0.024327887,0.30753267,False
5,Sigma70,5,Sigma70,0.69252247,0.92288977,0.012740966,0.17904001,True
5,Sigma70,0,Sigma24,0.53562903,0.95617676,0.017876009,0.18058676,False
5,Sigma70,5,Sigma70,0.9637099,0.19054195,0.001987458,0.06516911,True
5,Sigma70,5,Sigma70,0.6505973,1.001924,0.015215229,0.2007646,True
5,Sigma70,5,Sigma70,0.9269072,0.33892027,0.0011641252,0.051828563,True
5,Sigma70,5,Sigma70,0.9401995,0.30234605,0.0007487905,0.04351142,True
5,Sigma70,5,Sigma70,0.8608782,0.57728916,0.0049475958,0.10961428,True
5,Sigma70,5,Sigma70,0.97643733,0.1374773,0.00039198386,0.02637855,True
5,Sigma70,5,Sigma70,0.70602435,0.9213707,0.008586901,0.12947226,True
5,Sigma70,5,Sigma70,0.6983697,0.99443424,0.011767694,0.18127519,True
5,Sigma70,5,Sigma70,0.95950925,0.21494189,0.00045905067,0.029747501,True
5,Sigma70,5,Sigma70,0.4414038,1.4876742,0.014872577,0.2584325,True
5,Sigma70,5,Sigma70,0.92678297,0.32601246,0.0041626543,0.072760046,True
5,Sigma70,5,Sigma70,0.5541113,0.8397081,0.022670353,0.18078208,True
5,Sigma70,5,Sigma70,0.9102677,0.38870668,0.0024027822,0.06413874,True
5,Sigma70,5,Sigma70,0.85535073,0.5350765,0.006659515,0.121732146,True
5,Sigma70,5,Sigma70,0.6306381,1.0796198,0.018106021,0.23000073,True
5,Sigma70,0,Sigma24,0.638359,0.8423104,0.0136387395,0.13268942,False
5,Sigma70,5,Sigma70,0.69277227,0.9520968,0.010934523,0.15111428,True
5,Sigma70,5,Sigma70,0.62756,1.1638659,0.01055003,0.17480463,True
5,Sigma70,5,Sigma70,0.48945552,1.330306,0.02112666,0.2773211,True
5,Sigma70,5,Sigma70,0.88761026,0.4754017,0.0026009807,0.08038056,True
5,Sigma70,5,Sigma70,0.90711343,0.41793495,0.0013006415,0.050869405,True
5,Sigma70,5,Sigma70,0.8825566,0.48879611,0.0026685363,0.077976376,True
5,Sigma70,5,Sigma70,0.9068346,0.40746397,0.002102901,0.063503206,True
5,Sigma70,5,Sigma70,0.8194971,0.67161775,0.007151933,0.13351679,True
5,Sigma70,5,Sigma70,0.8027741,0.7411461,0.0069653406,0.14762932,True
5,Sigma70,5,Sigma70,0.6142989,1.0218314,0.011891164,0.1756522,True
5,Sigma70,5,Sigma70,0.50351846,1.3957419,0.01753614,0.2947532,True
5,Sigma70,5,Sigma70,0.6335484,1.009306,0.010499719,0.14468229,True
5,Sigma70,2,Sigma32,0.4877048,1.16112,0.016749805,0.19670856,False
5,Sigma70,5,Sigma70,0.89879405,0.41530892,0.0023358183,0.06144157,True
5,Sigma70,5,Sigma70,0.427584,1.3156445,0.028749853,0.33773953,True
5,Sigma70,5,Sigma70,0.73289615,0.9524817,0.008916306,0.17616469,True
5,Sigma70,2,Sigma32,0.46072552,1.262799,0.021612843,0.24375153,False
5,Sigma70,5,Sigma70,0.74974614,0.8689116,0.010207799,0.16594899,True
5,Sigma70,5,Sigma70,0.9268091,0.34255624,0.0016244734,0.055366606,True
5,Sigma70,5,Sigma70,0.9322396,0.31974697,0.0010593127,0.03774315,True
5,Sigma70,5,Sigma70,0.9147456,0.41810292,0.0028254942,0.09042218,True
5,Sigma70,5,Sigma70,0.6778153,0.84031296,0.021035394,0.19084334,True
5,Sigma70,5,Sigma70,0.6908432,0.87789345,0.012118924,0.15027064,True
5,Sigma70,5,Sigma70,0.7449044,0.78688234,0.014406954,0.19320232,True
5,Sigma70,5,Sigma70,0.90681446,0.38800937,0.0022905793,0.04998812,True
5,Sigma70,5,Sigma70,0.8453683,0.59191465,0.00466091,0.09337938,True
5,Sigma70,0,Sigma24,0.7025841,0.8209559,0.01126564,0.11936623,False
5,Sigma70,5,Sigma70,0.8533507,0.5925977,0.003909253,0.08654839,True
5,Sigma70,5,Sigma70,0.8938035,0.4589501,0.0031427562,0.08319679,True
5,Sigma70,5,Sigma70,0.93376666,0.30878916,0.0019862568,0.057923555,True
5,Sigma70,5,Sigma70,0.68992466,0.8681584,0.0067229033,0.113322854,True
5,Sigma70,5,Sigma70,0.9775946,0.12971592,0.00038260894,0.02314794,True
5,Sigma70,5,Sigma70,0.9341417,0.31253847,0.0011629864,0.043584466,True
5,Sigma70,5,Sigma70,0.733937,0.84669125,0.011995719,0.16665536,True
5,Sigma70,5,Sigma70,0.48031288,1.3879348,0.016939823,0.26054215,True
5,Sigma70,0,Sigma24,0.55659574,1.1741542,0.013869288,0.1760847,False
5,Sigma70,5,Sigma70,0.7928059,0.7736089,0.008005078,0.15968484,True
5,Sigma70,5,Sigma70,0.86705434,0.5537753,0.0021754305,0.06755164,True
5,Sigma70,5,Sigma70,0.88123816,0.5425911,0.0019781233,0.07518861,True
5,Sigma70,5,Sigma70,0.9640838,0.20455919,0.00041771654,0.030816853,True
5,Sigma70,5,Sigma70,0.7607428,0.7657418,0.007988426,0.1103906,True
5,Sigma70,5,Sigma70,0.69467926,0.91286016,0.01142016,0.16770977,True
5,Sigma70,5,Sigma70,0.7897175,0.76484734,0.0068378174,0.12714052,True
5,Sigma70,5,Sigma70,0.7825936,0.7476265,0.008287713,0.12751979,True
5,Sigma70,5,Sigma70,0.88277745,0.49597204,0.0024216324,0.059910446,True
5,Sigma70,5,Sigma70,0.772309,0.8586483,0.0057741166,0.12731689,True
5,Sigma70,5,Sigma70,0.8342301,0.5671549,0.0070922286,0.12022054,True
5,Sigma70,5,Sigma70,0.57964027,1.0659428,0.015263987,0.17766207,True
5,Sigma70,5,Sigma70,0.86390483,0.5209439,0.008006093,0.12865335,True
5,Sigma70,5,Sigma70,0.9243822,0.36351255,0.002353575,0.072032034,True
5,Sigma70,5,Sigma70,0.79353935,0.6605894,0.012793675,0.16461977,True
5,Sigma70,5,Sigma70,0.7928801,0.64315605,0.013570706,0.16008714,True
5,Sigma70,5,Sigma70,0.7377214,0.7426669,0.018925073,0.18803644,True
5,Sigma70,2,Sigma32,0.57201177,0.90452695,0.019122751,0.18102318,False
5,Sigma70,5,Sigma70,0.91508925,0.38553464,0.00250215,0.06598371,True
5,Sigma70,5,Sigma70,0.57574683,1.0625789,0.017672623,0.20106316,True
5,Sigma70,5,Sigma70,0.7186835,0.95364255,0.010656855,0.17950708,True
5,Sigma70,5,Sigma70,0.8410162,0.59229344,0.007346976,0.12729076,True
5,Sigma70,5,Sigma70,0.89781135,0.42642593,0.0032000057,0.07240036,True
5,Sigma70,5,Sigma70,0.75076306,0.8030095,0.009396093,0.13447618,True
5,Sigma70,0,Sigma24,0.9803026,0.11400608,9.986913e-05,0.012330383,False
5,Sigma70,5,Sigma70,0.9342884,0.33282,0.0007820337,0.038000613,True
5,Sigma70,5,Sigma70,0.8319973,0.6630655,0.0069190934,0.13569736,True
5,Sigma70,5,Sigma70,0.8629553,0.5511233,0.0052682036,0.10833812,True
5,Sigma70,5,Sigma70,0.9158543,0.3829228,0.002319553,0.07147592,True
5,Sigma70,5,Sigma70,0.9196283,0.38636798,0.0014270494,0.059672445,True
5,Sigma70,5,Sigma70,0.9367748,0.32574576,0.0008049809,0.039893836,True
5,Sigma70,0,Sigma24,0.39968768,1.287984,0.0159894,0.1940496,False
5,Sigma70,5,Sigma70,0.8449213,0.6434177,0.004734103,0.11824149,True
5,Sigma70,5,Sigma70,0.9049706,0.4174853,0.002108453,0.059763104,True
5,Sigma70,5,Sigma70,0.8215112,0.6736747,0.0044643413,0.10484022,True
5,Sigma70,5,Sigma70,0.5330391,1.1233941,0.018113015,0.20438951,True
5,Sigma70,5,Sigma70,0.9259794,0.32715753,0.0029338375,0.065650254,True
5,Sigma70,5,Sigma70,0.9064537,0.41871697,0.0027500086,0.06733605,True
5,Sigma70,5,Sigma70,0.9144565,0.38417414,0.0022997204,0.06577167,True
5,Sigma70,5,Sigma70,0.6808631,0.8673531,0.011991449,0.14916217,True
5,Sigma70,5,Sigma70,0.87378144,0.51616186,0.0028416326,0.07342321,True
5,Sigma70,5,Sigma70,0.72036904,0.79400456,0.015476725,0.17372811,True
5,Sigma70,5,Sigma70,0.71741027,0.71287084,0.01668442,0.15499324,True
5,Sigma70,5,Sigma70,0.77938104,0.77062464,0.0062637343,0.110493064,True
5,Sigma70,5,Sigma70,0.87883097,0.4669727,0.0030583758,0.066731006,True
5,Sigma70,5,Sigma70,0.3789362,1.4842606,0.019542735,0.29378557,True
5,Sigma70,5,Sigma70,0.85492814,0.5096583,0.0046347305,0.08014566,True
5,Sigma70,5,Sigma70,0.6533449,0.9980619,0.018749557,0.23299772,True
5,Sigma70,5,Sigma70,0.59264684,1.0427676,0.013878503,0.16507638,True
5,Sigma70,5,Sigma70,0.8640651,0.5905679,0.0062007434,0.1277127,True
5,Sigma70,5,Sigma70,0.6118346,1.0179613,0.017171463,0.18879414,True
5,Sigma70,3,Sigma38,0.98798877,0.07140549,3.539488e-05,0.00537394,False
5,Sigma70,5,Sigma70,0.88364667,0.44704387,0.004394448,0.07706642,True
5,Sigma70,5,Sigma70,0.9140046,0.34019256,0.00569767,0.082442105,True
5,Sigma70,5,Sigma70,0.7120323,0.9321735,0.0103521645,0.15324402,True
5,Sigma70,5,Sigma70,0.9278109,0.34290808,0.0022503408,0.063946396,True
5,Sigma70,5,Sigma70,0.91955656,0.3543685,0.005653817,0.0974569,True
5,Sigma70,3,Sigma38,0.9769209,0.11746858,0.00020038245,0.015314251,False
5,Sigma70,5,Sigma70,0.57425725,1.0812204,0.014551908,0.19027174,True
5,Sigma70,5,Sigma70,0.833717,0.675816,0.004684336,0.11216599,True
5,Sigma70,5,Sigma70,0.8040155,0.64679444,0.008056047,0.12843418,True
5,Sigma70,5,Sigma70,0.846205,0.62319756,0.0039164964,0.101527214,True
5,Sigma70,5,Sigma70,0.5527154,1.021973,0.017524356,0.21073145,True
5,Sigma70,5,Sigma70,0.9744156,0.15418664,0.00019690709,0.02004163,True
5,Sigma70,0,Sigma24,0.57581335,1.0136182,0.012339621,0.14156026,False
5,Sigma70,5,Sigma70,0.49513486,1.1085713,0.012485745,0.1403814,True
5,Sigma70,5,Sigma70,0.69648445,1.0222046,0.01487454,0.24459702,True
5,Sigma70,5,Sigma70,0.8253421,0.69596744,0.0027118942,0.082046926,True
5,Sigma70,5,Sigma70,0.77335346,0.75281507,0.0071345665,0.121203184,True
5,Sigma70,5,Sigma70,0.52980286,1.1742938,0.015157449,0.20014244,True
5,Sigma70,3,Sigma38,0.9898031,0.064703375,4.3837354e-05,0.009232141,False
5,Sigma70,5,Sigma70,0.6847814,1.0604671,0.010597195,0.19759148,True
5,Sigma70,5,Sigma70,0.8808805,0.5455821,0.00399078,0.110691994,True
5,Sigma70,5,Sigma70,0.687827,1.0430061,0.012577909,0.19748312,True
5,Sigma70,5,Sigma70,0.5822602,1.1252041,0.015424219,0.18842536,True
5,Sigma70,5,Sigma70,0.6023126,0.8572109,0.013968502,0.12920272,True
5,Sigma70,5,Sigma70,0.9468348,0.26745117,0.0011255302,0.0450726,True
5,Sigma70,5,Sigma70,0.7410635,0.80257213,0.011944101,0.14501977,True
5,Sigma70,5,Sigma70,0.89917415,0.4478712,0.0024870925,0.076660484,True
5,Sigma70,3,Sigma38,0.7982317,0.53468555,0.012524211,0.11256382,False
5,Sigma70,5,Sigma70,0.6282835,0.78143334,0.016519785,0.13654464,True
5,Sigma70,5,Sigma70,0.62867063,0.8120911,0.016962029,0.14645863,True
5,Sigma70,0,Sigma24,0.46757555,1.2523794,0.013979964,0.19627154,False
5,Sigma70,5,Sigma70,0.9397701,0.28740457,0.0013141265,0.047813356,True
5,Sigma70,5,Sigma70,0.80945015,0.5858108,0.00933588,0.11837882,True
5,Sigma70,5,Sigma70,0.62757874,0.9479563,0.012463212,0.1502446,True
5,Sigma70,5,Sigma70,0.7024024,0.9010491,0.009969273,0.14286596,True
5,Sigma70,5,Sigma70,0.8803221,0.5015805,0.0021677949,0.07270175,True
5,Sigma70,5,Sigma70,0.7958948,0.75652105,0.0059999544,0.12681282,True
5,Sigma70,5,Sigma70,0.915806,0.37834713,0.0024632805,0.07499847,True
5,Sigma70,5,Sigma70,0.87100714,0.50462383,0.004881708,0.08479163,True
5,Sigma70,5,Sigma70,0.8957918,0.45480004,0.0023113806,0.076165915,True
5,Sigma70,5,Sigma70,0.53718823,1.1785734,0.013346291,0.1752218,True
5,Sigma70,5,Sigma70,0.6828177,1.0460453,0.007990626,0.1652618,True
5,Sigma70,5,Sigma70,0.6047286,0.9038098,0.014397904,0.13583928,True
5,Sigma70,5,Sigma70,0.58157593,1.0504998,0.020055868,0.22996438,True
5,Sigma70,3,Sigma38,0.95174664,0.20776954,0.00059815653,0.022929117,False
5,Sigma70,5,Sigma70,0.91622007,0.36558765,0.0031803173,0.07926351,True
5,Sigma70,5,Sigma70,0.6665651,0.838089,0.014618869,0.14613879,True
5,Sigma70,5,Sigma70,0.8691657,0.50276035,0.0039982875,0.06925106,True
5,Sigma70,0,Sigma24,0.97814846,0.12406711,0.00012101876,0.013791315,False
5,Sigma70,5,Sigma70,0.8244972,0.67060375,0.0072085075,0.12700194,True
5,Sigma70,5,Sigma70,0.85239327,0.5952461,0.0052808546,0.11648956,True
5,Sigma70,5,Sigma70,0.9859682,0.089939706,8.850998e-05,0.012938999,True
5,Sigma70,5,Sigma70,0.8903018,0.49360564,0.0019105751,0.063456595,True
5,Sigma70,5,Sigma70,0.93498677,0.31046033,0.0010427485,0.046187997,True
5,Sigma70,5,Sigma70,0.45659465,1.2727509,0.017598227,0.21945333,True
5,Sigma70,5,Sigma70,0.81236196,0.58562815,0.008274546,0.10114819,True
5,Sigma70,5,Sigma70,0.8045663,0.6053441,0.012705113,0.14890084,True
5,Sigma70,5,Sigma70,0.70267934,0.82610494,0.014665936,0.17819786,True
5,Sigma70,5,Sigma70,0.95888245,0.23152931,0.0006700388,0.038575143,True
5,Sigma70,5,Sigma70,0.83992445,0.5559564,0.008066138,0.120078,True
5,Sigma70,5,Sigma70,0.47221014,1.1218522,0.018549714,0.20399511,True
5,Sigma70,5,Sigma70,0.8455797,0.5593029,0.0028491386,0.06343624,True
5,Sigma70,1,Sigma28,0.9676598,0.15791492,0.0006302724,0.027103186,False
5,Sigma70,5,Sigma70,0.8782867,0.4969368,0.004195987,0.08252445,True
5,Sigma70,5,Sigma70,0.8673018,0.49586686,0.0041286102,0.079102814,True
5,Sigma70,5,Sigma70,0.8490946,0.59261185,0.006020408,0.108697,True
5,Sigma70,5,Sigma70,0.9196864,0.35082403,0.0019643095,0.05893445,True
5,Sigma70,5,Sigma70,0.56276345,1.1407913,0.012594921,0.17240602,True
5,Sigma70,5,Sigma70,0.92832667,0.32251027,0.002266505,0.05693385,True
5,Sigma70,5,Sigma70,0.9132464,0.34033707,0.0036024426,0.069152355,True
5,Sigma70,5,Sigma70,0.7362114,0.76936907,0.016033359,0.19078481,True
5,Sigma70,5,Sigma70,0.8160892,0.6385156,0.007053317,0.10995048,True
5,Sigma70,5,Sigma70,0.7649475,0.76131415,0.01101568,0.17091072,True
5,Sigma70,5,Sigma70,0.7220803,0.8609623,0.010410632,0.14586806,True
5,Sigma70,5,Sigma70,0.7912552,0.77496964,0.008882221,0.16027111,True
5,Sigma70,5,Sigma70,0.8831225,0.53621227,0.0027163632,0.089689404,True
5,Sigma70,5,Sigma70,0.44947758,1.1060978,0.020373883,0.21248311,True
5,Sigma70,5,Sigma70,0.9437942,0.27919722,0.0013183178,0.04587592,True
5,Sigma70,5,Sigma70,0.9221262,0.3755707,0.00094815885,0.051859856,True
5,Sigma70,5,Sigma70,0.51889986,1.1532496,0.017808592,0.21255386,True
5,Sigma70,5,Sigma70,0.77203655,0.73139566,0.0077140466,0.12313396,True
5,Sigma70,5,Sigma70,0.76987547,0.78725994,0.011676769,0.17336607,True
5,Sigma70,5,Sigma70,0.9514313,0.24904907,0.0009251971,0.042762175,True
5,Sigma70,5,Sigma70,0.54819375,0.952345,0.021996787,0.20932758,True
5,Sigma70,5,Sigma70,0.88017195,0.52157104,0.0024469697,0.07268947,True
5,Sigma70,5,Sigma70,0.69288474,0.8718282,0.013706046,0.15911245,True
5,Sigma70,5,Sigma70,0.51851517,0.7809198,0.018166346,0.13533276,True
5,Sigma70,5,Sigma70,0.92378545,0.3606862,0.0020658313,0.061773688,True
5,Sigma70,5,Sigma70,0.8700688,0.5544903,0.0043019825,0.09192127,True
5,Sigma70,0,Sigma24,0.5418488,0.94708717,0.017169736,0.16949081,False
5,Sigma70,5,Sigma70,0.77517307,0.77169776,0.015114858,0.20942152,True
5,Sigma70,0,Sigma24,0.572036,0.960057,0.01382606,0.1325075,False
5,Sigma70,5,Sigma70,0.92382157,0.3605763,0.0019535918,0.054498672,True
5,Sigma70,5,Sigma70,0.8459392,0.5894238,0.00394327,0.08316636,True
5,Sigma70,5,Sigma70,0.46882388,1.23513,0.021157503,0.2556448,True
5,Sigma70,5,Sigma70,0.4844357,1.2944617,0.015156899,0.23046374,True
5,Sigma70,5,Sigma70,0.53471714,0.9391521,0.015674597,0.1557911,True
5,Sigma70,0,Sigma24,0.68450874,0.91753864,0.0106935315,0.13596708,False
5,Sigma70,5,Sigma70,0.7598089,0.7295631,0.011465999,0.12861603,True
5,Sigma70,0,Sigma24,0.37752408,1.4777337,0.02296474,0.3310206,False
5,Sigma70,0,Sigma24,0.6906989,0.87653977,0.019353274,0.20794678,False
5,Sigma70,0,Sigma24,0.45946038,1.389409,0.016046138,0.23312485,False
5,Sigma70,5,Sigma70,0.927471,0.35954762,0.0020400363,0.071887404,True
5,Sigma70,5,Sigma70,0.57282543,1.1810482,0.012579452,0.17350829,True
5,Sigma70,5,Sigma70,0.7366788,0.80685306,0.006850619,0.106470704,True
5,Sigma70,5,Sigma70,0.83737445,0.6124865,0.004652022,0.09581846,True
5,Sigma70,5,Sigma70,0.77489316,0.83315676,0.004579852,0.1081,True
5,Sigma70,5,Sigma70,0.76104176,0.75725543,0.0109680025,0.14919096,True
5,Sigma70,5,Sigma70,0.72757214,0.6837675,0.011645119,0.10735327,True
5,Sigma70,5,Sigma70,0.83752054,0.55938417,0.0069509596,0.10056445,True
5,Sigma70,5,Sigma70,0.44466215,1.3572673,0.017032577,0.21137142,True
5,Sigma70,5,Sigma70,0.5413797,1.2274629,0.016437346,0.23129761,True
5,Sigma70,0,Sigma24,0.42865753,1.2287873,0.015259892,0.19360578,False
5,Sigma70,5,Sigma70,0.7361443,0.84426063,0.01005751,0.16485125,True
5,Sigma70,5,Sigma70,0.7517346,0.8840879,0.005105289,0.11752713,True
5,Sigma70,5,Sigma70,0.60370654,0.9841211,0.015894907,0.1729272,True
5,Sigma70,5,Sigma70,0.650362,1.0060003,0.012557997,0.16514444,True
5,Sigma70,5,Sigma70,0.89063007,0.43927532,0.0026684573,0.06750578,True
5,Sigma70,5,Sigma70,0.41110712,1.2823666,0.024965843,0.29064202,True
5,Sigma70,5,Sigma70,0.8120903,0.68735397,0.011623055,0.16896439,True
5,Sigma70,0,Sigma24,0.689098,0.8036394,0.012321132,0.14023101,False
5,Sigma70,5,Sigma70,0.48605075,1.1696013,0.023309326,0.282665,True
5,Sigma70,5,Sigma70,0.7208345,0.8667005,0.012637523,0.17591608,True
5,Sigma70,5,Sigma70,0.6036815,1.1963646,0.013575617,0.20062053,True
5,Sigma70,5,Sigma70,0.5600588,1.364105,0.013197581,0.23750389,True
5,Sigma70,5,Sigma70,0.46481308,1.0725634,0.019023145,0.21664685,True
5,Sigma70,5,Sigma70,0.69994265,1.0173826,0.011094869,0.18198079,True
5,Sigma70,0,Sigma24,0.6920513,0.7363769,0.017510101,0.15701848,False
5,Sigma70,5,Sigma70,0.76243883,0.78444946,0.007014681,0.11947423,True
5,Sigma70,5,Sigma70,0.54013544,1.2567163,0.013941818,0.19329083,True
5,Sigma70,2,Sigma32,0.9741816,0.14542815,0.0006222879,0.02994039,False
5,Sigma70,0,Sigma24,0.640328,1.0089875,0.01293723,0.16170317,False
5,Sigma70,3,Sigma38,0.9764252,0.12236648,0.00034511593,0.018568724,False
5,Sigma70,5,Sigma70,0.55764294,1.2083545,0.02153404,0.28271115,True
5,Sigma70,5,Sigma70,0.7213965,0.80389273,0.017223872,0.19616467,True
5,Sigma70,5,Sigma70,0.36776364,1.2231102,0.019338356,0.21410811,True
5,Sigma70,0,Sigma24,0.56341004,0.9074017,0.020100668,0.18383956,False
5,Sigma70,0,Sigma24,0.4560033,1.0755668,0.01832971,0.18040425,False
5,Sigma70,0,Sigma24,0.5804263,1.1304009,0.012463246,0.17295647,False
5,Sigma70,5,Sigma70,0.6234929,0.93295693,0.011775997,0.12292129,True
5,Sigma70,5,Sigma70,0.9126567,0.34669554,0.0029411856,0.05808994,True
5,Sigma70,2,Sigma32,0.96989214,0.1575908,0.000553675,0.026813954,False
5,Sigma70,5,Sigma70,0.9214117,0.30980822,0.0037905378,0.06767,True
5,Sigma70,5,Sigma70,0.80145746,0.5842211,0.01047888,0.11595291,True
5,Sigma70,5,Sigma70,0.9311058,0.32298478,0.0024474838,0.068682134,True
5,Sigma70,5,Sigma70,0.69137055,0.86476135,0.010233481,0.12513226,True
5,Sigma70,5,Sigma70,0.8536635,0.5366635,0.0051861866,0.08888996,True
5,Sigma70,0,Sigma24,0.57827884,0.9078602,0.022260988,0.19805771,False
5,Sigma70,5,Sigma70,0.9563712,0.23165418,0.00075361197,0.04090278,True
5,Sigma70,5,Sigma70,0.44533047,1.0618697,0.030921176,0.28645408,True
5,Sigma70,5,Sigma70,0.69363785,0.88887835,0.014152902,0.18327874,True
5,Sigma70,5,Sigma70,0.724904,0.7798285,0.015807217,0.18080628,True
5,Sigma70,5,Sigma70,0.46495667,1.0466177,0.020245736,0.22845823,True
5,Sigma70,5,Sigma70,0.6220702,1.0267469,0.014075614,0.18068558,True
5,Sigma70,5,Sigma70,0.8494064,0.48974794,0.005263508,0.07727373,True
5,Sigma70,5,Sigma70,0.7157587,0.7061943,0.014268297,0.12804478,True
5,Sigma70,0,Sigma24,0.49169785,1.1749756,0.012231675,0.1601963,False
5,Sigma70,5,Sigma70,0.70184153,0.8246405,0.014954527,0.17134303,True
5,Sigma70,5,Sigma70,0.8352051,0.6565269,0.005003669,0.10374993,True
5,Sigma70,5,Sigma70,0.91774935,0.3688842,0.0014959174,0.058532745,True
5,Sigma70,2,Sigma32,0.5523227,1.1099334,0.017421851,0.20111132,False
5,Sigma70,0,Sigma24,0.4557582,1.0752271,0.012808879,0.14540017,False
5,Sigma70,5,Sigma70,0.651142,0.9497148,0.013352702,0.14761537,True
5,Sigma70,0,Sigma24,0.4435456,1.0996898,0.021244572,0.21080136,False
5,Sigma70,5,Sigma70,0.96077293,0.21086884,0.0010786852,0.051682174,True
5,Sigma70,5,Sigma70,0.9294556,0.32859087,0.001558622,0.056827128,True
5,Sigma70,5,Sigma70,0.83677113,0.6236911,0.0067705247,0.1239292,True
5,Sigma70,5,Sigma70,0.5661337,1.1903043,0.017430445,0.23270118,True
5,Sigma70,4,Sigma54,0.31168368,1.5213163,0.023273675,0.32611048,False
5,Sigma70,5,Sigma70,0.8233022,0.71564215,0.0070917434,0.14179671,True
5,Sigma70,5,Sigma70,0.45458248,1.3953154,0.0170598,0.2658826,True
5,Sigma70,5,Sigma70,0.76680624,0.751968,0.0109262625,0.13577032,True
5,Sigma70,5,Sigma70,0.685876,0.734143,0.016611217,0.14649284,True
5,Sigma70,5,Sigma70,0.9158321,0.34275347,0.0022413991,0.048266113,True
5,Sigma70,0,Sigma24,0.8554942,0.53786176,0.005285995,0.089420706,False
5,Sigma70,5,Sigma70,0.7931122,0.6865045,0.009500661,0.12861645,True
5,Sigma70,5,Sigma70,0.55340797,1.0360644,0.0216194,0.21914297,True
5,Sigma70,5,Sigma70,0.72738916,0.74033904,0.014895604,0.1610235,True
5,Sigma70,5,Sigma70,0.8280894,0.5897848,0.0067043863,0.09672651,True
5,Sigma70,3,Sigma38,0.9828137,0.09515278,0.0001509532,0.013228491,False
5,Sigma70,5,Sigma70,0.7695829,0.6336638,0.012706908,0.12802494,True
5,Sigma70,5,Sigma70,0.9757979,0.14354193,0.00017849478,0.016373888,True
5,Sigma70,5,Sigma70,0.7724216,0.7426371,0.013165901,0.18836612,True
5,Sigma70,5,Sigma70,0.9573423,0.22432464,0.00059652125,0.0334384,True
5,Sigma70,5,Sigma70,0.59861046,1.0626738,0.024274224,0.25654835,True
5,Sigma70,0,Sigma24,0.5734676,1.0039184,0.012642902,0.13772869,False
5,Sigma70,5,Sigma70,0.89481467,0.44171575,0.002967514,0.06718776,True
5,Sigma70,5,Sigma70,0.7918584,0.70228016,0.010830757,0.1730442,True
5,Sigma70,5,Sigma70,0.9080885,0.41591096,0.0031741392,0.08356634,True
5,Sigma70,2,Sigma32,0.47710133,1.0977528,0.02850989,0.27634007,False
5,Sigma70,5,Sigma70,0.96575135,0.17869598,0.00042086432,0.026451185,True
5,Sigma70,5,Sigma70,0.45974645,1.086948,0.009617079,0.13240838,True
5,Sigma70,5,Sigma70,0.89462733,0.47136408,0.0024783884,0.074263245,True
5,Sigma70,0,Sigma24,0.47859862,1.3112903,0.018423306,0.2606243,False
5,Sigma70,0,Sigma24,0.50571066,0.9687214,0.01820007,0.17203128,False
5,Sigma70,5,Sigma70,0.8525648,0.5885786,0.0046229563,0.100943714,True
5,Sigma70,5,Sigma70,0.7578433,0.66775525,0.012410599,0.1376875,True
5,Sigma70,5,Sigma70,0.6068817,0.79492533,0.017768892,0.15205932,True
5,Sigma70,5,Sigma70,0.31318015,1.3534335,0.026437687,0.29077947,True
5,Sigma70,5,Sigma70,0.8128206,0.6942464,0.0043056714,0.08704889,True
5,Sigma70,5,Sigma70,0.7636467,0.7309809,0.011149019,0.15201086,True
5,Sigma70,5,Sigma70,0.3155858,1.5731539,0.02085241,0.30551982,True
5,Sigma70,5,Sigma70,0.94522095,0.2595174,0.0023786854,0.06380102,True
5,Sigma70,5,Sigma70,0.8414192,0.5981946,0.0052983467,0.11044833,True
5,Sigma70,5,Sigma70,0.8394676,0.6465812,0.0040944386,0.09081119,True
5,Sigma70,3,Sigma38,0.40734136,1.2551067,0.015016663,0.18597531,False
5,Sigma70,5,Sigma70,0.58001494,0.8660888,0.014752674,0.1360082,True
5,Sigma70,5,Sigma70,0.74417776,0.84051704,0.007461075,0.12735742,True
5,Sigma70,0,Sigma24,0.5697843,0.8663038,0.015205663,0.14611048,False
5,Sigma70,0,Sigma24,0.5490835,1.2296698,0.01949467,0.27295607,False
5,Sigma70,5,Sigma70,0.5943863,0.88125,0.012540174,0.13305354,True
5,Sigma70,5,Sigma70,0.9254871,0.34704933,0.0007653323,0.0337196,True
5,Sigma70,3,Sigma38,0.96523386,0.17899162,0.0012378935,0.04140906,False
5,Sigma70,5,Sigma70,0.8286204,0.6127299,0.009169142,0.13159263,True
5,Sigma70,5,Sigma70,0.69960964,0.9807527,0.009379202,0.15105665,True
5,Sigma70,5,Sigma70,0.716723,0.9263191,0.010433111,0.16261011,True
5,Sigma70,5,Sigma70,0.67692274,1.045532,0.011762147,0.16425371,True
5,Sigma70,5,Sigma70,0.7503988,0.7873586,0.012604036,0.16358572,True
5,Sigma70,5,Sigma70,0.8881416,0.46307808,0.007466309,0.1320233,True
5,Sigma70,5,Sigma70,0.5673428,0.83217466,0.018756412,0.17073894,True
5,Sigma70,5,Sigma70,0.9023475,0.43174565,0.0029353264,0.08325255,True
5,Sigma70,5,Sigma70,0.83570796,0.6590804,0.0032293808,0.09713799,True
5,Sigma70,5,Sigma70,0.61629677,1.0869621,0.012566909,0.18737924,True
5,Sigma70,5,Sigma70,0.8636857,0.5499605,0.002739802,0.06861836,True
5,Sigma70,5,Sigma70,0.5670303,1.1601034,0.01189123,0.16355002,True
5,Sigma70,5,Sigma70,0.5586547,1.2379293,0.013301133,0.2143004,True
5,Sigma70,5,Sigma70,0.70873815,0.99470323,0.014755417,0.22763127,True
5,Sigma70,5,Sigma70,0.9210598,0.36761662,0.0023962886,0.0771586,True
5,Sigma70,5,Sigma70,0.9212446,0.35505408,0.001965994,0.05431977,True
5,Sigma70,5,Sigma70,0.8612009,0.57373595,0.005007485,0.10415837,True
5,Sigma70,5,Sigma70,0.67556536,1.0611761,0.017242577,0.24912423,True
5,Sigma70,5,Sigma70,0.69010067,1.0447989,0.009612315,0.17594111,True
5,Sigma70,5,Sigma70,0.541672,1.2388154,0.021068519,0.2609613,True
5,Sigma70,5,Sigma70,0.93416065,0.3279595,0.0017533071,0.06477636,True
