task,class_name,position,A,C,G,T,consensus_base,consensus_frequency
binary,Non-Promoter,1,0.2454734342534877,0.24102107450281982,0.323538141881864,0.18996734936182844,G,0.323538141881864
binary,Non-Promoter,2,0.25883051350549124,0.23894330661917482,0.24072425051944196,0.26150192935589195,T,0.26150192935589195
binary,Non-Promoter,3,0.21490056396556842,0.25883051350549124,0.27753042445829623,0.2487384980706441,G,0.27753042445829623
binary,Non-Promoter,4,0.24102107450281982,0.23538141881864055,0.3155238943306619,0.20807361234787772,G,0.3155238943306619
binary,Non-Promoter,5,0.26447016918967053,0.2413178984861977,0.23181953101810626,0.26239240130602554,A,0.26447016918967053
binary,Non-Promoter,6,0.19976254081329772,0.27396853665776194,0.2695161769070941,0.25675274562184625,C,0.27396853665776194
binary,Non-Promoter,7,0.24428613831997625,0.2425051944197091,0.3202730780647076,0.192935589195607,G,0.3202730780647076
binary,Non-Promoter,8,0.25200356188780054,0.2309290590679727,0.24309884238646481,0.27396853665776194,T,0.27396853665776194
binary,Non-Promoter,9,0.21697833184921342,0.26061145740575836,0.27070347284060553,0.25170673790442266,G,0.27070347284060553
binary,Non-Promoter,10,0.2377560106856634,0.2445829623033541,0.3208667260314633,0.19679430097951914,G,0.3208667260314633
binary,Non-Promoter,11,0.26001780943900266,0.22766399525081626,0.2466607301869991,0.26565746512318195,T,0.26565746512318195
binary,Non-Promoter,12,0.21608785989907986,0.26298604927278124,0.27396853665776194,0.24695755417037696,G,0.27396853665776194
binary,Non-Promoter,13,0.23894330661917482,0.25081626595428913,0.3164143662807955,0.19382606114574058,G,0.3164143662807955
binary,Non-Promoter,14,0.2701098248738498,0.23478777085188482,0.24636390620362125,0.2487384980706441,A,0.2701098248738498
binary,Non-Promoter,15,0.21252597209854557,0.26625111308993765,0.2736717126743841,0.2475512021371327,G,0.2736717126743841
binary,Non-Promoter,16,0.22232116355001483,0.2383496586524191,0.3377856930840012,0.20154348471356487,G,0.3377856930840012
binary,Non-Promoter,17,0.26921935292371624,0.2246957554170377,0.2392401306025527,0.26684476105669336,A,0.26921935292371624
binary,Non-Promoter,18,0.21401009201543486,0.2591273374888691,0.2769367764915405,0.24992579400415554,G,0.2769367764915405
binary,Non-Promoter,19,0.23745918670228555,0.2481448501038884,0.3190857821311962,0.19531018106262987,G,0.3190857821311962
binary,Non-Promoter,20,0.26179875333926983,0.2419115464529534,0.23241317898486197,0.26387652122291483,T,0.26387652122291483
binary,Non-Promoter,21,0.19620065301276343,0.26862570495696053,0.27189076877411694,0.2632828732561591,G,0.27189076877411694
binary,Non-Promoter,22,0.25200356188780054,0.24072425051944196,0.3149302463639062,0.1923419412288513,G,0.3149302463639062
binary,Non-Promoter,23,0.2778272484416741,0.2288512911843277,0.2419115464529534,0.25140991392104484,A,0.2778272484416741
binary,Non-Promoter,24,0.20569902048085487,0.26239240130602554,0.28376372810923123,0.2481448501038884,G,0.28376372810923123
binary,Non-Promoter,25,0.24161472246957555,0.25348768180468984,0.2983081032947462,0.20658949243098843,G,0.2983081032947462
binary,Non-Promoter,26,0.26714158504007124,0.24280201840308696,0.23181953101810626,0.25823686553873554,A,0.26714158504007124
binary,Non-Promoter,27,0.21816562778272486,0.24992579400415554,0.2908875037102998,0.24102107450281982,G,0.2908875037102998
binary,Non-Promoter,28,0.24309884238646481,0.2487384980706441,0.30365093499554763,0.20451172454734343,G,0.30365093499554763
binary,Non-Promoter,29,0.26565746512318195,0.23805283466904126,0.22350845948352627,0.27278124072425053,T,0.27278124072425053
binary,Non-Promoter,30,0.19887206886316414,0.2591273374888691,0.28435737607598693,0.25764321757197983,G,0.28435737607598693
binary,Non-Promoter,31,0.25378450578806766,0.24161472246957555,0.3110715345799941,0.19352923716236273,G,0.3110715345799941
binary,Non-Promoter,32,0.26714158504007124,0.23271000296823982,0.23894330661917482,0.2612051053725141,A,0.26714158504007124
binary,Non-Promoter,33,0.21044820421490057,0.2680320569902048,0.2591273374888691,0.26239240130602554,C,0.2680320569902048
binary,Non-Promoter,34,0.23656871475215197,0.25645592163846836,0.3039477589789255,0.20302760463045413,G,0.3039477589789255
binary,Non-Promoter,35,0.2680320569902048,0.24636390620362125,0.23538141881864055,0.25022261798753337,A,0.2680320569902048
binary,Non-Promoter,36,0.22291481151677056,0.26506381715642624,0.2840605520926091,0.22796081923419412,G,0.2840605520926091
binary,Non-Promoter,37,0.2398337785693084,0.23003858711783912,0.3232413178984862,0.20688631641436628,G,0.3232413178984862
binary,Non-Promoter,38,0.25378450578806766,0.23805283466904126,0.24309884238646481,0.26506381715642624,T,0.26506381715642624
binary,Non-Promoter,39,0.21816562778272486,0.25972098545562483,0.27663995250816265,0.2454734342534877,G,0.27663995250816265
binary,Non-Promoter,40,0.23271000296823982,0.2356782428020184,0.323538141881864,0.20807361234787772,G,0.323538141881864
binary,Non-Promoter,41,0.26565746512318195,0.23181953101810626,0.2481448501038884,0.25437815375482337,A,0.26565746512318195
binary,Non-Promoter,42,0.19887206886316414,0.27753042445829623,0.27723360047491835,0.24636390620362125,C,0.27753042445829623
binary,Non-Promoter,43,0.24487978628673196,0.23864648263579696,0.3128524784802612,0.20362125259720987,G,0.3128524784802612
binary,Non-Promoter,44,0.2715939447907391,0.2205402196497477,0.23805283466904126,0.26981300089047194,A,0.2715939447907391
binary,Non-Promoter,45,0.22321163550014841,0.25734639358860195,0.27070347284060553,0.2487384980706441,G,0.27070347284060553
binary,Non-Promoter,46,0.2496289700207777,0.2362718907687741,0.31522707034728403,0.19887206886316414,G,0.31522707034728403
binary,Non-Promoter,47,0.2757494805580291,0.2315227070347284,0.2487384980706441,0.2439893143365984,A,0.2757494805580291
binary,Non-Promoter,48,0.22143069159988127,0.2736717126743841,0.26090828138913624,0.2439893143365984,C,0.2736717126743841
binary,Non-Promoter,49,0.2451766102701098,0.24487978628673196,0.29949539922825763,0.21044820421490057,G,0.29949539922825763
binary,Non-Promoter,50,0.2472543781537548,0.2439893143365984,0.25259720985455625,0.25615909765509054,T,0.25615909765509054
binary,Non-Promoter,51,0.22113386761650342,0.26090828138913624,0.27396853665776194,0.2439893143365984,G,0.27396853665776194
binary,Non-Promoter,52,0.25259720985455625,0.24695755417037696,0.3146334223805283,0.18581181359453844,G,0.3146334223805283
binary,Non-Promoter,53,0.26179875333926983,0.23805283466904126,0.22855446720094982,0.2715939447907391,T,0.2715939447907391
binary,Non-Promoter,54,0.21519738794894627,0.26921935292371624,0.2769367764915405,0.23864648263579696,G,0.2769367764915405
binary,Non-Promoter,55,0.23389729890175126,0.25645592163846836,0.3110715345799941,0.19857524487978628,G,0.3110715345799941
binary,Non-Promoter,56,0.27248441674087265,0.2398337785693084,0.23449094686850697,0.25319085782131195,A,0.27248441674087265
binary,Non-Promoter,57,0.21282279608192342,0.2778272484416741,0.27307806470762835,0.2362718907687741,C,0.2778272484416741
binary,Non-Promoter,58,0.23449094686850697,0.25259720985455625,0.3196794300979519,0.19323241317898487,G,0.3196794300979519
binary,Non-Promoter,59,0.28495102404274264,0.22707034728406056,0.23478777085188482,0.25319085782131195,A,0.28495102404274264
binary,Non-Promoter,60,0.21104185218165628,0.25437815375482337,0.2778272484416741,0.25675274562184625,G,0.2778272484416741
binary,Non-Promoter,61,0.25200356188780054,0.23864648263579696,0.3081032947462155,0.201246660730187,G,0.3081032947462155
binary,Non-Promoter,62,0.27070347284060553,0.2309290590679727,0.2336004749183734,0.26476699317304836,A,0.27070347284060553
binary,Non-Promoter,63,0.20896408429801128,0.26773523300682694,0.2742653606411398,0.24903532205402196,G,0.2742653606411398
binary,Non-Promoter,64,0.24369249035322055,0.24903532205402196,0.3211635500148412,0.1861086375779163,G,0.3211635500148412
binary,Non-Promoter,65,0.26061145740575836,0.25437815375482337,0.2184624517661027,0.26654793707331553,T,0.26654793707331553
binary,Non-Promoter,66,0.21193232413178986,0.2695161769070941,0.2659542891065598,0.25259720985455625,C,0.2695161769070941
binary,Non-Promoter,67,0.2377560106856634,0.2451766102701098,0.3137429504303948,0.203324428613832,G,0.3137429504303948
binary,Non-Promoter,68,0.2695161769070941,0.25378450578806766,0.21905609973285842,0.25764321757197983,A,0.2695161769070941
binary,Non-Promoter,69,0.20747996438112198,0.2695161769070941,0.2674384090234491,0.25556544968833483,C,0.2695161769070941
binary,Non-Promoter,70,0.25348768180468984,0.2454734342534877,0.3110715345799941,0.18996734936182844,G,0.3110715345799941
binary,Non-Promoter,71,0.26506381715642624,0.2404274265360641,0.22914811516770556,0.2653606411398041,T,0.2653606411398041
binary,Non-Promoter,72,0.21015138023152272,0.26001780943900266,0.26298604927278124,0.26684476105669336,T,0.26684476105669336
binary,Non-Promoter,73,0.24013060255268626,0.24013060255268626,0.31938260611457403,0.20035618878005343,G,0.31938260611457403
binary,Non-Promoter,74,0.26684476105669336,0.2439893143365984,0.2362718907687741,0.25289403383793413,A,0.26684476105669336
binary,Non-Promoter,75,0.21490056396556842,0.2748590086078955,0.26357969723953695,0.2466607301869991,C,0.2748590086078955
binary,Non-Promoter,76,0.23805283466904126,0.25230038587117837,0.2991985752448798,0.21044820421490057,G,0.2991985752448798
binary,Non-Promoter,77,0.26209557732264765,0.23181953101810626,0.2413178984861977,0.26476699317304836,T,0.26476699317304836
binary,Non-Promoter,78,0.21282279608192342,0.2632828732561591,0.2653606411398041,0.25853368952211336,G,0.2653606411398041
binary,Non-Promoter,79,0.21875927574948056,0.25230038587117837,0.31522707034728403,0.21371326803205698,G,0.31522707034728403
binary,Non-Promoter,80,0.26862570495696053,0.23656871475215197,0.23241317898486197,0.26239240130602554,A,0.26862570495696053
binary,Non-Promoter,81,0.20599584446423272,0.2695161769070941,0.27753042445829623,0.24695755417037696,G,0.27753042445829623
binary,Promoter,1,0.2943196004993758,0.2091136079900125,0.21317103620474406,0.2833957553058677,A,0.2943196004993758
binary,Promoter,2,0.28901373283395754,0.21504369538077403,0.19350811485642946,0.30243445692883897,T,0.30243445692883897
binary,Promoter,3,0.2606117353308365,0.22378277153558052,0.22034956304619227,0.29525593008739076,T,0.29525593008739076
binary,Promoter,4,0.2730961298377029,0.2200374531835206,0.23002496878901374,0.2768414481897628,T,0.2768414481897628
binary,Promoter,5,0.2833957553058677,0.2128589263420724,0.22034956304619227,0.2833957553058677,A,0.2833957553058677
binary,Promoter,6,0.27715355805243447,0.22503121098626716,0.20786516853932585,0.2899500624219725,T,0.2899500624219725
binary,Promoter,7,0.28901373283395754,0.22752808988764045,0.2153558052434457,0.2681023720349563,A,0.28901373283395754
binary,Promoter,8,0.31585518102372034,0.19444444444444445,0.20162297128589263,0.28807740324594255,A,0.31585518102372034
binary,Promoter,9,0.2933832709113608,0.21660424469413234,0.20536828963795256,0.2846441947565543,A,0.2933832709113608
binary,Promoter,10,0.2980649188514357,0.19101123595505617,0.21379525593008739,0.29712858926342073,A,0.2980649188514357
binary,Promoter,11,0.2858926342072409,0.20692883895131087,0.20568039950062422,0.301498127340824,T,0.301498127340824
binary,Promoter,12,0.2808988764044944,0.20536828963795256,0.2050561797752809,0.30867665418227214,T,0.30867665418227214
binary,Promoter,13,0.265605493133583,0.2009987515605493,0.21816479400749064,0.315230961298377,T,0.315230961298377
binary,Promoter,14,0.26997503121098626,0.21379525593008739,0.21972534332084895,0.2965043695380774,T,0.2965043695380774
binary,Promoter,15,0.27247191011235955,0.21910112359550563,0.2287765293383271,0.27965043695380776,T,0.27965043695380776
binary,Promoter,16,0.28308364544319603,0.22908863920099876,0.21098626716604243,0.2768414481897628,A,0.28308364544319603
binary,Promoter,17,0.2883895131086142,0.21254681647940074,0.2209737827715356,0.27808988764044945,A,0.2883895131086142
binary,Promoter,18,0.28495630461922594,0.21972534332084895,0.21254681647940074,0.28277153558052437,A,0.28495630461922594
binary,Promoter,19,0.2933832709113608,0.20068664169787764,0.2103620474406991,0.2955680399500624,T,0.2955680399500624
binary,Promoter,20,0.2799625468164794,0.2200374531835206,0.19382022471910113,0.3061797752808989,T,0.3061797752808989
binary,Promoter,21,0.2808988764044944,0.2103620474406991,0.22191011235955055,0.2868289637952559,T,0.2868289637952559
binary,Promoter,22,0.27091136079900124,0.21161048689138576,0.21348314606741572,0.3039950062421973,T,0.3039950062421973
binary,Promoter,23,0.2571785268414482,0.20536828963795256,0.2128589263420724,0.32459425717852686,T,0.32459425717852686
binary,Promoter,24,0.24563046192259674,0.2144194756554307,0.20942571785268416,0.33052434456928836,T,0.33052434456928836
binary,Promoter,25,0.24781523096129837,0.19506866416978777,0.2184769038701623,0.33863920099875156,T,0.33863920099875156
binary,Promoter,26,0.24625468164794007,0.18570536828963796,0.19756554307116106,0.37047440699126094,T,0.37047440699126094
binary,Promoter,27,0.2484394506866417,0.18476903870162298,0.2200374531835206,0.34675405742821475,T,0.34675405742821475
binary,Promoter,28,0.25374531835205993,0.19101123595505617,0.22752808988764045,0.32771535580524347,T,0.32771535580524347
binary,Promoter,29,0.29275905118601747,0.2025593008739076,0.18976279650436953,0.31491885143570536,T,0.31491885143570536
binary,Promoter,30,0.31897627965043696,0.20411985018726592,0.18664169787765295,0.2902621722846442,A,0.31897627965043696
binary,Promoter,31,0.34176029962546817,0.20942571785268416,0.183832709113608,0.2649812734082397,A,0.34176029962546817
binary,Promoter,32,0.3242821473158552,0.20006242197253432,0.17852684144818975,0.29712858926342073,A,0.3242821473158552
binary,Promoter,33,0.29307116104868913,0.2025593008739076,0.1916354556803995,0.31273408239700373,T,0.31273408239700373
binary,Promoter,34,0.2802746566791511,0.21067415730337077,0.19538077403245943,0.3136704119850187,T,0.3136704119850187
binary,Promoter,35,0.27902621722846443,0.2075530586766542,0.19600499375780275,0.31741573033707865,T,0.31741573033707865
binary,Promoter,36,0.26529338327091134,0.22191011235955055,0.216916354556804,0.2958801498127341,T,0.2958801498127341
binary,Promoter,37,0.264669163545568,0.24719101123595505,0.21317103620474406,0.27496878901373284,T,0.27496878901373284
binary,Promoter,38,0.2712234706616729,0.2356429463171036,0.21972534332084895,0.27340823970037453,T,0.27340823970037453
binary,Promoter,39,0.28558052434456926,0.21192259675405742,0.21754057428214732,0.28495630461922594,A,0.28558052434456926
binary,Promoter,40,0.2662297128589263,0.2209737827715356,0.22503121098626716,0.2877652933832709,T,0.2877652933832709
binary,Promoter,41,0.28308364544319603,0.20411985018726592,0.21223470661672908,0.300561797752809,T,0.300561797752809
binary,Promoter,42,0.2777777777777778,0.2025593008739076,0.21878901373283396,0.30087390761548066,T,0.30087390761548066
binary,Promoter,43,0.28308364544319603,0.21098626716604243,0.21317103620474406,0.29275905118601747,T,0.29275905118601747
binary,Promoter,44,0.2681023720349563,0.21004993757802748,0.20474406991260924,0.317103620474407,T,0.317103620474407
binary,Promoter,45,0.2531210986267166,0.22440699126092384,0.22971285892634208,0.29275905118601747,T,0.29275905118601747
binary,Promoter,46,0.25436953807740326,0.21004993757802748,0.2381398252184769,0.2974406991260924,T,0.2974406991260924
binary,Promoter,47,0.2328339575530587,0.20724094881398253,0.2662297128589263,0.29369538077403246,T,0.29369538077403246
binary,Promoter,48,0.23314606741573032,0.21067415730337077,0.23252184769038703,0.3236579275905119,T,0.3236579275905119
binary,Promoter,49,0.2752808988764045,0.18102372034956304,0.1813358302122347,0.36235955056179775,T,0.36235955056179775
binary,Promoter,50,0.35767790262172283,0.1466916354556804,0.15917602996254682,0.3364544319600499,A,0.35767790262172283
binary,Promoter,51,0.3817103620474407,0.15387016229712858,0.149812734082397,0.3146067415730337,A,0.3817103620474407
binary,Promoter,52,0.3882646691635456,0.216916354556804,0.11860174781523096,0.2762172284644195,A,0.3882646691635456
binary,Promoter,53,0.37453183520599254,0.22253433208489387,0.11610486891385768,0.2868289637952559,A,0.37453183520599254
binary,Promoter,54,0.3579900124843945,0.15324594257178528,0.12359550561797752,0.3651685393258427,T,0.3651685393258427
binary,Promoter,55,0.3096129837702871,0.15636704119850187,0.16104868913857678,0.37297128589263423,T,0.37297128589263423
binary,Promoter,56,0.2933832709113608,0.1782147315855181,0.18258426966292135,0.34581772784019976,T,0.34581772784019976
binary,Promoter,57,0.2777777777777778,0.2365792759051186,0.2081772784019975,0.27746566791510613,A,0.2777777777777778
binary,Promoter,58,0.26217228464419473,0.23158551810237205,0.24126092384519351,0.2649812734082397,T,0.2649812734082397
binary,Promoter,59,0.23470661672908863,0.25436953807740326,0.20131086142322097,0.3096129837702871,T,0.3096129837702871
binary,Promoter,60,0.2075530586766542,0.3021223470661673,0.18570536828963796,0.3046192259675406,T,0.3046192259675406
binary,Promoter,61,0.42759051186017477,0.10892634207240949,0.34176029962546817,0.12172284644194757,A,0.42759051186017477
binary,Promoter,62,0.23689138576779026,0.2730961298377029,0.15480649188514356,0.3352059925093633,T,0.3352059925093633
binary,Promoter,63,0.27559300873907616,0.23096129837702872,0.1972534332084894,0.29619225967540574,T,0.29619225967540574
binary,Promoter,64,0.30181023720349565,0.19538077403245943,0.2112983770287141,0.2915106117353308,A,0.30181023720349565
binary,Promoter,65,0.29307116104868913,0.21317103620474406,0.20599250936329588,0.2877652933832709,A,0.29307116104868913
binary,Promoter,66,0.28558052434456926,0.20318352059925093,0.2019350811485643,0.30930087390761546,T,0.30930087390761546
binary,Promoter,67,0.29619225967540574,0.2019350811485643,0.21067415730337077,0.29119850187265917,A,0.29619225967540574
binary,Promoter,68,0.2933832709113608,0.2081772784019975,0.20568039950062422,0.29275905118601747,A,0.2933832709113608
binary,Promoter,69,0.2983770287141074,0.19787765293383272,0.20068664169787764,0.3030586766541823,T,0.3030586766541823
binary,Promoter,70,0.284019975031211,0.20942571785268416,0.2184769038701623,0.28807740324594255,T,0.28807740324594255
binary,Promoter,71,0.30274656679151063,0.20786516853932585,0.21598002496878901,0.27340823970037453,A,0.30274656679151063
binary,Promoter,72,0.2899500624219725,0.20568039950062422,0.21972534332084895,0.2846441947565543,A,0.2899500624219725
binary,Promoter,73,0.29057428214731584,0.20599250936329588,0.23252184769038703,0.27091136079900124,A,0.29057428214731584
binary,Promoter,74,0.2799625468164794,0.21348314606741572,0.2365792759051186,0.26997503121098626,A,0.2799625468164794
binary,Promoter,75,0.30774032459425715,0.20224719101123595,0.21473158551810237,0.2752808988764045,A,0.30774032459425715
binary,Promoter,76,0.2933832709113608,0.20880149812734083,0.2287765293383271,0.2690387016229713,A,0.2933832709113608
binary,Promoter,77,0.2833957553058677,0.20380774032459426,0.2397003745318352,0.2730961298377029,A,0.2833957553058677
binary,Promoter,78,0.30337078651685395,0.20443196004993758,0.23002496878901374,0.26217228464419473,A,0.30337078651685395
binary,Promoter,79,0.28901373283395754,0.20411985018726592,0.2365792759051186,0.2702871410736579,A,0.28901373283395754
binary,Promoter,80,0.29619225967540574,0.2034956304619226,0.22659176029962547,0.2737203495630462,A,0.29619225967540574
binary,Promoter,81,0.2955680399500624,0.21379525593008739,0.2247191011235955,0.26591760299625467,A,0.2955680399500624
